"","FID","prob.precip","dens.precip","prob.krieg","dens.krieg"
"1",778,-0.129156391289054,0.032092741043111,-0.0409561325756874,0.128984379918154
"2",778,-0.126693938973656,0.0382368888790338,-0.0389823038731126,0.198212826520236
"3",778,-0.124231486658257,0.0453218639412523,-0.0370084751705377,0.297595624875885
"4",778,-0.121769034342859,0.0534478120825069,-0.0350346464679629,0.436720592013911
"5",778,-0.11930658202746,0.0627195391571897,-0.0330608177653881,0.626695752052501
"6",778,-0.116844129712062,0.0736970735734058,-0.0310869890628133,0.87980708793461
"7",778,-0.114381677396664,0.0863177187387407,-0.0291131603602384,1.20892955618319
"8",778,-0.111919225081265,0.100616611781516,-0.0271393316576636,1.62667386992746
"9",778,-0.109456772765867,0.116739429974512,-0.0251655029550888,2.14427485242961
"10",778,-0.106994320450469,0.134948896229225,-0.0231916742525139,2.7702548241474
"11",778,-0.10453186813507,0.156139634930385,-0.0212178455499391,3.51082687766692
"12",778,-0.102069415819672,0.179837948998166,-0.0192440168473643,4.37220591709112
"13",778,-0.0996069635042735,0.206221490127304,-0.0172701881447895,5.33008313266
"14",778,-0.0971445111888752,0.235469974191489,-0.0152963594422147,6.36338301625974
"15",778,-0.0946820588734768,0.268379488823051,-0.0133225307396398,7.44274264237457
"16",778,-0.0922196065580784,0.305352688634324,-0.011348702037065,8.53151328207619
"17",778,-0.0897571542426801,0.345962790411198,-0.00937487333449018,9.58755231447089
"18",778,-0.0872947019272817,0.390387646260605,-0.00740104463191536,10.5657144648469
"19",778,-0.0848322496118833,0.438802066059421,-0.00542721592934053,11.420876792464
"20",778,-0.082369797296485,0.492771681270364,-0.00345338722676571,12.1112666263092
"21",778,-0.0799073449810866,0.551509520076584,-0.00147955852419088,12.6018075620919
"22",778,-0.0774448926656882,0.614861307319693,0.000494270178383945,12.8410592812926
"23",778,-0.0749824403502899,0.682939163493956,0.00246809888095877,12.840894524542
"24",778,-0.0725199880348915,0.756165560939674,0.00444192758353359,12.6102069941534
"25",778,-0.0700575357194931,0.835869547649764,0.00641575628610842,12.167759432833
"26",778,-0.0675950834040948,0.920547993319005,0.00838958498868324,11.5427965369716
"27",778,-0.0651326310886964,1.01018505397573,0.0103634136912581,10.7724003661081
"28",778,-0.062670178773298,1.10474561845338,0.0123372423938329,9.89840750708366
"29",778,-0.0602077264578997,1.20508169925083,0.0143110710964077,8.96418729252022
"30",778,-0.0577452741425013,1.31088773043448,0.0162848997989825,8.01157123165496
"31",778,-0.0552828218271029,1.42108908731667,0.0182587285015574,7.07819365390929
"32",778,-0.0528203695117046,1.53546291493976,0.0202325572041322,6.20178118134774
"33",778,-0.0503579171963062,1.65376286717304,0.022206385906707,5.40593349469249
"34",778,-0.0478954648809078,1.77666066749435,0.0241802146092818,4.70102582928211
"35",778,-0.0454330125655095,1.9025936139049,0.0261540433118567,4.09258476095338
"36",778,-0.0429705602501111,2.03096466012765,0.0281278720144315,3.5803148363736
"37",778,-0.0405081079347127,2.16133225236806,0.0301017007170063,3.15938691279061
"38",778,-0.0380456556193144,2.29328471513318,0.0320755294195811,2.82175798775056
"39",778,-0.035583203303916,2.4260687049326,0.034049358122156,2.55741320671561
"40",778,-0.0331207509885176,2.5586764635884,0.0360231868247308,2.35544991308349
"41",778,-0.0306582986731193,2.69052869006448,0.0379970155273056,2.2049535232181
"42",778,-0.0281958463577209,2.82103718119694,0.0399708442298804,2.09726465648303
"43",778,-0.0257333940423225,2.94894371714296,0.0419446729324553,2.02215002347637
"44",778,-0.0232709417269242,3.0732014215863,0.0439185016350301,1.96952845760587
"45",778,-0.0208084894115258,3.19356333566156,0.0458923303376049,1.93340703094994
"46",778,-0.0183460370961274,3.30943494278892,0.0478661590401797,1.90902157596455
"47",778,-0.0158835847807291,3.42022910627237,0.0498399877427546,1.8927223164448
"48",778,-0.0134211324653307,3.52305276723426,0.0518138164453294,1.88184473804919
"49",778,-0.0109586801499323,3.61885995641451,0.0537876451479042,1.8745759382873
"50",778,-0.00849622783453398,3.70740109418489,0.055761473850479,1.86982195831269
"51",778,-0.00603377551913561,3.7882397024272,0.0577353025530539,1.86707790377244
"52",778,-0.00357132320373726,3.86013808065978,0.0597091312556287,1.86635757768679
"53",778,-0.00110887088833889,3.9208890664165,0.0616829599582035,1.86820168446369
"54",778,0.00135358142705949,3.97258002891896,0.0636567886607783,1.87293194209872
"55",778,0.00381603374245784,4.01503101739775,0.0656306173633532,1.88104315556191
"56",778,0.00627848605785622,4.04809596088283,0.067604446065928,1.89289773582115
"57",778,0.00874093837325457,4.06952458201423,0.0695782747685028,1.90862932788517
"58",778,0.0112033906886529,4.0800334393311,0.0715521034710776,1.92807104158432
"59",778,0.0136658430040513,4.08117428892248,0.0735259321736525,1.95071394588131
"60",778,0.0161282953194497,4.07309290684589,0.0754997608762273,1.97569984839881
"61",778,0.0185907476348481,4.05596743016227,0.0774735895788021,2.00185032631311
"62",778,0.0210531999502464,4.02711519700241,0.0794474182813769,2.02773153387637
"63",778,0.0235156522656448,3.98996244131981,0.0814212469839518,2.05129802324374
"64",778,0.0259781045810431,3.94507321742888,0.0833950756865266,2.07098868516713
"65",778,0.0284405568964415,3.89285134142496,0.0853689043891014,2.08544253669376
"66",778,0.0309030092118399,3.83305644505022,0.0873427330916762,2.09360954627293
"67",778,0.0333654615272382,3.76557592680785,0.0893165617942511,2.09485060795494
"68",778,0.0358279138426366,3.69274511717477,0.0912903904968259,2.08899449432646
"69",778,0.038290366158035,3.61507886828949,0.0932642191994007,2.07635564703615
"70",778,0.0407528184734333,3.53309635333592,0.0952380479019755,2.0577116853891
"71",778,0.0432152707888317,3.44666038267194,0.0972118766045504,2.03424270684874
"72",778,0.0456777231042301,3.35709129636352,0.0991857053071252,2.00743754391191
"73",778,0.0481401754196285,3.26538101050021,0.1011595340097,1.979014909374
"74",778,0.0506026277350268,3.17202060537046,0.103133362712275,1.95105536670316
"75",778,0.0530650800504252,3.07749206984393,0.10510719141485,1.92514788492845
"76",778,0.0555275323658235,2.98235082575114,0.107081020117424,1.90257527338125
"77",778,0.0579899846812219,2.88743130470126,0.109054848819999,1.88429511212937
"78",778,0.0604524369966203,2.79311073429519,0.111028677522574,1.87090251219079
"79",778,0.0629148893120186,2.69974629219466,0.113002506225149,1.8626217708695
"80",778,0.065377341627417,2.6079040239047,0.114976334927724,1.85932374147507
"81",778,0.0678397939428154,2.51832917239204,0.116950163630299,1.86056429088703
"82",778,0.0703022462582137,2.43090046448334,0.118923992332873,1.86563825442849
"83",778,0.0727646985736121,2.3458199959188,0.120897821035448,1.87374384778659
"84",778,0.0752271508890105,2.26327209650205,0.122871649738023,1.88362434551981
"85",778,0.0776896032044088,2.18416684061013,0.124845478440598,1.8940161940185
"86",778,0.0801520555198072,2.1083301154618,0.126819307143173,1.90386523641304
"87",778,0.0826145078352056,2.03548995021321,0.128793135845748,1.91219991655946
"88",778,0.0850769601506039,1.96569458993086,0.130766964548322,1.91817264934577
"89",778,0.0875394124660023,1.89900652867245,0.132740793250897,1.92109455504783
"90",778,0.0900018647814007,1.83653742912849,0.134714621953472,1.92046293369344
"91",778,0.092464317096799,1.77711583708948,0.136688450656047,1.91598048622023
"92",778,0.0949267694121974,1.72069645967841,0.138662279358622,1.9075650026185
"93",778,0.0973892217275958,1.66722674923126,0.140636108061197,1.89524071001355
"94",778,0.0998516740429941,1.61702971587554,0.142609936763771,1.87923886754526
"95",778,0.102314126358392,1.57023020866619,0.144583765466346,1.86045960396055
"96",778,0.104776578673791,1.5260544144639,0.146557594168921,1.83955987882435
"97",778,0.107239030989189,1.48440794231019,0.148531422871496,1.81724204014418
"98",778,0.109701483304588,1.44519401582954,0.150505251574071,1.79420434260361
"99",778,0.112163935619986,1.40888729547875,0.152479080276645,1.77109730818533
"100",778,0.114626387935384,1.37493153217861,0.15445290897922,1.74848938895281
"101",778,0.117088840250783,1.3429809812488,0.156426737681795,1.72684420327375
"102",778,0.119551292566181,1.31293490525321,0.15840056638437,1.70651024844429
"103",778,0.122013744881579,1.28473289709069,0.160374395086945,1.6877279624026
"104",778,0.124476197196978,1.25875777539498,0.16234822378952,1.67082716101982
"105",778,0.126938649512376,1.23428480508245,0.164322052492094,1.65563962103406
"106",778,0.129401101827775,1.21122710347189,0.166295881194669,1.64211958684576
"107",778,0.131863554143173,1.18950001802163,0.168269709897244,1.63016678670754
"108",778,0.134326006458571,1.1691925911776,0.170243538599819,1.61962460261395
"109",778,0.13678845877397,1.15024068456223,0.172217367302394,1.61027217662853
"110",778,0.139250911089368,1.13230410583101,0.174191196004969,1.60181320587778
"111",778,0.141713363404766,1.11531818180943,0.176165024707543,1.59386494045389
"112",778,0.144175815720165,1.09922052934847,0.178138853410118,1.58595126034976
"113",778,0.146638268035563,1.08415668737078,0.180112682112693,1.57750366546794
"114",778,0.149100720350961,1.06987947104931,0.182086510815268,1.56767592917891
"115",778,0.15156317266636,1.0562687254705,0.184060339517843,1.55574118452653
"116",778,0.154025624981758,1.04327976266101,0.186034168220417,1.54104785268437
"117",778,0.156488077297157,1.03088982052227,0.188007996922992,1.52299041793606
"118",778,0.158950529612555,1.0191888887976,0.189981825625567,1.50109426588252
"119",778,0.161412981927953,1.0079497156164,0.191955654328142,1.47506171282222
"120",778,0.163875434243352,0.997141018069971,0.193929483030717,1.44480633674926
"121",778,0.16633788655875,0.986732762503149,0.195903311733292,1.41047199840866
"122",778,0.168800338874148,0.976751255481301,0.197877140435866,1.37243427686713
"123",778,0.171262791189547,0.967161480195207,0.199850969138441,1.33128355281068
"124",778,0.173725243504945,0.957865971445776,0.201824797841016,1.28770724907158
"125",778,0.176187695820343,0.948843705347036,0.203798626543591,1.24283098186553
"126",778,0.178650148135742,0.94007452422559,0.205772455246166,1.19774084500548
"127",778,0.18111260045114,0.931599022592097,0.207746283948741,1.15336533374547
"128",778,0.183575052766539,0.923338206196856,0.209720112651315,1.11054500414291
"129",778,0.186037505081937,0.915260179842799,0.21169394135389,1.06999051643207
"130",778,0.188499957397335,0.907350978626781,0.213667770056465,1.03225315161205
"131",778,0.190962409712734,0.899604589679163,0.21564159875904,0.997708491012054
"132",778,0.193424862028132,0.892037681507474,0.217615427461615,0.966553001060497
"133",778,0.19588731434353,0.884590745986861,0.21958925616419,0.938812436573745
"134",778,0.198349766658929,0.877254636357942,0.221563084866764,0.91447621662812
"135",778,0.200812218974327,0.870020697890644,0.223536913569339,0.893354334914878
"136",778,0.203274671289726,0.862895800628943,0.225510742271914,0.874805628418881
"137",778,0.205737123605124,0.85586793926177,0.227484570974489,0.858421979299028
"138",778,0.208199575920522,0.848914175418894,0.229458399677064,0.843788696199917
"139",778,0.210662028235921,0.84202965033655,0.231432228379638,0.830511067040748
"140",778,0.213124480551319,0.835209894965091,0.233406057082213,0.81823633073578
"141",778,0.215586932866717,0.828468122115618,0.235379885784788,0.806670581668597
"142",778,0.218049385182116,0.82178454237571,0.237353714487363,0.795590400784802
"143",778,0.220511837497514,0.815153521367955,0.239327543189938,0.784849259031985
"144",778,0.222974289812912,0.808573332992725,0.241301371892513,0.774382019983271
"145",778,0.225436742128311,0.802045820242275,0.243275200595087,0.764238888316506
"146",778,0.227899194443709,0.795580992429799,0.245249029297662,0.754491163790095
"147",778,0.230361646759108,0.789163496804278,0.247222858000237,0.745287989993553
"148",778,0.232824099074506,0.782793246573107,0.249196686702812,0.736811782373176
"149",778,0.235286551389904,0.776470264508572,0.251170515405387,0.7292625138243
"150",778,0.237749003705303,0.770204298470885,0.253144344107961,0.722841187381356
"151",778,0.240211456020701,0.763994976329917,0.255118172810536,0.717732928724376
"152",778,0.242673908336099,0.757834318450786,0.257092001513111,0.714090199364174
"153",778,0.245136360651498,0.75172275631849,0.259065830215686,0.712016725121945
"154",778,0.247598812966896,0.74566071675396,0.261039658918261,0.711552850632122
"155",778,0.250061265282294,0.739665300367572,0.263013487620836,0.712806971004201
"156",778,0.252523717597693,0.733722760883758,0.26498731632341,0.715477398414989
"157",778,0.254986169913091,0.727830872397136,0.266961145025985,0.719288580482748
"158",778,0.25744862222849,0.721989692332809,0.26893497372856,0.723915279864062
"159",778,0.259911074543888,0.71620344399768,0.270908802431135,0.728968849595993
"160",778,0.262373526859286,0.710482381692015,0.27288263113371,0.734017163981003
"161",778,0.264835979174685,0.704811294693369,0.274856459836285,0.738608921028902
"162",778,0.267298431490083,0.69918980238492,0.276830288538859,0.742300761769673
"163",778,0.269760883805481,0.693617497737553,0.278804117241434,0.74468534612601
"164",778,0.27222333612088,0.688104200864921,0.280777945944009,0.745418317872058
"165",778,0.274685788436278,0.682646559579875,0.282751774646584,0.744087902987065
"166",778,0.277148240751676,0.677236316070934,0.284725603349159,0.740601723482058
"167",778,0.279610693067075,0.671873171688817,0.286699432051734,0.735066129720402
"168",778,0.282073145382473,0.66655688055598,0.288673260754308,0.727607979055214
"169",778,0.284535597697872,0.661303467495934,0.290647089456883,0.718450929334742
"170",778,0.28699805001327,0.656098588766969,0.292620918159458,0.707896654787093
"171",778,0.289460502328668,0.650941248816979,0.294594746862033,0.696302222104714
"172",778,0.291922954644067,0.645832076871582,0.296568575564608,0.684055470934959
"173",778,0.294385406959465,0.640776870281149,0.298542404267182,0.671550230620466
"174",778,0.296847859274863,0.63578686734882,0.300516232969757,0.659163091741991
"175",778,0.299310311590262,0.63085014451768,0.302490061672332,0.647269346485658
"176",778,0.30177276390566,0.625968585222062,0.304463890374907,0.63621479222517
"177",778,0.304235216221059,0.621144217463302,0.306437719077482,0.626153352583507
"178",778,0.306697668536457,0.616394029278319,0.308411547780057,0.617206532024608
"179",778,0.309160120851855,0.611717909376576,0.310385376482631,0.609431769888473
"180",778,0.311622573167254,0.607109911169424,0.312359205185206,0.602829363225248
"181",778,0.314085025482652,0.602573051608491,0.314333033887781,0.597351602698022
"182",778,0.31654747779805,0.598110424814277,0.316306862590356,0.592913241570495
"183",778,0.319009930113449,0.59375564396348,0.318280691292931,0.589402481508736
"184",778,0.321472382428847,0.58948679660997,0.320254519995506,0.586691753451621
"185",778,0.323934834744245,0.585305720895306,0.32222834869808,0.584656871582562
"186",778,0.326397287059644,0.581215527825995,0.324202177400655,0.583193842931331
"187",778,0.328859739375042,0.577230524611479,0.32617600610323,0.582121011646861
"188",778,0.331322191690441,0.573370413091195,0.328149834805805,0.581343514152954
"189",778,0.333784644005839,0.569612587318237,0.33012366350838,0.580786721253963
"190",778,0.336247096321237,0.565959084841026,0.332097492210954,0.580397312111059
"191",778,0.338709548636636,0.562411751679105,0.334071320913529,0.580143248716759
"192",778,0.341172000952034,0.558999014526589,0.336045149616104,0.580012779345481
"193",778,0.343634453267432,0.555710333433911,0.338018978318679,0.580012586085332
"194",778,0.346096905582831,0.552531453694844,0.339992807021254,0.58016518266061
"195",778,0.348559357898229,0.549462188763974,0.341966635723829,0.58050566519916
"196",778,0.351021810213627,0.546502088742531,0.343940464426403,0.58111024093129
"197",778,0.353484262529026,0.543689594613725,0.345914293128978,0.582010203769628
"198",778,0.355946714844424,0.540981758667884,0.347888121831553,0.583248238361576
"199",778,0.358409167159823,0.538375902015616,0.349861950534128,0.58486241939193
"200",778,0.360871619475221,0.535869309258164,0.351835779236703,0.586879986925633
"201",778,0.363334071790619,0.533470543334782,0.353809607939278,0.589314302932335
"202",778,0.365796524106018,0.531183692524256,0.355783436641852,0.592162513171936
"203",778,0.368258976421416,0.528980673642448,0.357757265344427,0.595403977274517
"204",778,0.370721428736814,0.526856976753782,0.359731094047002,0.598999494152155
"205",778,0.373183881052213,0.524807937501256,0.361704922749577,0.60289131800236
"206",778,0.375646333367611,0.522844092449055,0.363678751452152,0.607012436123835
"207",778,0.378108785683009,0.520946528075343,0.365652580154727,0.611241265468907
"208",778,0.380571237998408,0.519101891224017,0.367626408857301,0.615459267495018
"209",778,0.383033690313806,0.517304776004869,0.369600237559876,0.619547993048704
"210",778,0.385496142629205,0.515550179822526,0.371574066262451,0.623384848652408
"211",778,0.387958594944603,0.51384098563935,0.373547894965026,0.626847766146929
"212",778,0.390421047260001,0.512156684461244,0.375521723667601,0.629820348017446
"213",778,0.3928834995754,0.51049216432199,0.377495552370175,0.632197358510854
"214",778,0.395345951890798,0.508842417024874,0.37946938107275,0.63389037788536
"215",778,0.397808404206196,0.507202751297428,0.381443209775325,0.634833383064162
"216",778,0.400270856521595,0.505565030163184,0.3834170384779,0.634945917213114
"217",778,0.402733308836993,0.503923214667809,0.385390867180475,0.634218973316773
"218",778,0.405195761152392,0.502273506717793,0.38736469588305,0.632752718133205
"219",778,0.40765821346779,0.500612281847649,0.389338524585624,0.630629945852896
"220",778,0.410120665783188,0.498930432093895,0.391312353288199,0.627967359258728
"221",778,0.412583118098587,0.497225837641987,0.393286181990774,0.624911290353004
"222",778,0.415045570413985,0.495497955196683,0.395260010693349,0.621631555049119
"223",778,0.417508022729383,0.493744767857727,0.397233839395924,0.618313683219973
"224",778,0.419970475044782,0.491963628339868,0.399207668098499,0.61514986015538
"225",778,0.42243292736018,0.490142899897688,0.401181496801073,0.612328999620852
"226",778,0.424895379675578,0.488291411613816,0.403155325503648,0.6100435778663
"227",778,0.427357831990977,0.486408646436151,0.405129154206223,0.608511631763856
"228",778,0.429820284306375,0.484494233846452,0.407102982908798,0.607781620561714
"229",778,0.432282736621774,0.482542963684894,0.409076811611373,0.607908569552421
"230",778,0.434745188937172,0.480553303006469,0.411050640313948,0.608900973247652
"231",778,0.43720764125257,0.478532754180862,0.413024469016522,0.610720930896124
"232",778,0.439670093567969,0.476481943728943,0.414998297719097,0.613287085354937
"233",778,0.442132545883367,0.474401578640236,0.416972126421672,0.616480146862911
"234",778,0.444594998198765,0.472284724580037,0.418945955124247,0.620150593037497
"235",778,0.447057450514164,0.470138785146102,0.420919783826822,0.624127961420475
"236",778,0.449519902829562,0.467967304273471,0.422893612529396,0.628230994928907
"237",778,0.45198235514496,0.465771350610411,0.424867441231971,0.6322459454519
"238",778,0.454444807460359,0.463551083395964,0.426841269934546,0.635989791147573
"239",778,0.456907259775757,0.461302035057436,0.428815098637121,0.639314366410979
"240",778,0.459369712091156,0.459033030990164,0.430788927339696,0.642090450058231
"241",778,0.461832164406554,0.456745080648889,0.432762756042271,0.644206709254375
"242",778,0.464294616721952,0.454439170899801,0.434736584744845,0.645566257427566
"243",778,0.466757069037351,0.452113606840828,0.43671041344742,0.646081864146521
"244",778,0.469219521352749,0.449769599346521,0.438684242149995,0.645670689462403
"245",778,0.471681973668147,0.447411369212559,0.44065807085257,0.64424946446891
"246",778,0.474144425983546,0.445039720094325,0.442631899555145,0.641731019360772
"247",778,0.476606878298944,0.442655442551063,0.444605728257719,0.637906283746075
"248",778,0.479069330614342,0.440256199515866,0.446579556960294,0.6327324367475
"249",778,0.481531782929741,0.437845994069967,0.448553385662869,0.626159517175681
"250",778,0.483994235245139,0.435426488131633,0.450527214365444,0.618114628262744
"251",778,0.486456687560538,0.432998540101805,0.452501043068019,0.608550255465902
"252",778,0.488919139875936,0.430562693951346,0.454474871770594,0.597453589582099
"253",778,0.491381592191334,0.428119104789092,0.456448700473168,0.584854381841787
"254",778,0.493844044506733,0.425671345763104,0.458422529175743,0.570830421408683
"255",778,0.496306496822131,0.423220680443196,0.460396357878318,0.555509920785013
"256",778,0.49876894913753,0.420768437929479,0.462370186580893,0.539070340903104
"257",778,0.501231401452928,0.41831656143571,0.464344015283468,0.521698208166957
"258",778,0.503693853768326,0.415868150551134,0.466317843986043,0.503709807937646
"259",778,0.506156306083725,0.413425002040511,0.468291672688617,0.485442686769527
"260",778,0.508618758399123,0.410989032271158,0.470265501391192,0.467181483919784
"261",778,0.511081210714521,0.408562220662273,0.472239330093767,0.449197999991094
"262",778,0.51354366302992,0.406151695145744,0.474213158796342,0.431739318898779
"263",778,0.516006115345318,0.403757999691378,0.476186987498917,0.415017957961289
"264",778,0.518468567660716,0.401382718142424,0.478160816201491,0.399204434937674
"265",778,0.520931019976115,0.399028153339259,0.480134644904066,0.384422449662968
"266",778,0.523393472291513,0.396698586429264,0.482108473606641,0.370746703206094
"267",778,0.525855924606911,0.394404192446238,0.484082302309216,0.35823859053125
"268",778,0.52831837692231,0.392140047164996,0.486056131011791,0.346928151154894
"269",778,0.530780829237708,0.389908230584451,0.488029959714366,0.336637249253017
"270",778,0.533243281553107,0.387710753182856,0.49000378841694,0.327259382834264
"271",778,0.535705733868505,0.385557587331084,0.491977617119515,0.318666967836803
"272",778,0.538168186183903,0.383450708310958,0.49395144582209,0.310720116502212
"273",778,0.540630638499302,0.38138500436629,0.495925274524665,0.303275589350358
"274",778,0.5430930908147,0.379361621067417,0.49789910322724,0.29619553769335
"275",778,0.545555543130098,0.377381580187316,0.499872931929815,0.289355618009585
"276",778,0.548017995445497,0.375460822062261,0.501846760632389,0.282652037973726
"277",778,0.550480447760895,0.373587041432523,0.503820589334964,0.276007123296899
"278",778,0.552942900076294,0.371758353297389,0.505794418037539,0.269372736382064
"279",778,0.555405352391692,0.369974654107279,0.507768246740114,0.262738330591109
"280",778,0.55786780470709,0.368239550692458,0.509742075442689,0.25612657813159
"281",778,0.560330257022489,0.366560875150956,0.511715904145263,0.249580981871321
"282",778,0.562792709337887,0.36492477351377,0.513689732847838,0.243159188478408
"283",778,0.565255161653285,0.363330247676761,0.515663561550413,0.236925783096491
"284",778,0.567717613968684,0.361776229324881,0.517637390252988,0.230945217427527
"285",778,0.570180066284082,0.360269608447985,0.519611218955563,0.225275458794324
"286",778,0.57264251859948,0.35880565191804,0.521585047658138,0.219962845500462
"287",778,0.575104970914879,0.357376829119947,0.523558876360712,0.215038496874007
"288",778,0.577567423230277,0.355981789371472,0.525532705063287,0.210554391295435
"289",778,0.580029875545676,0.354619183029198,0.527506533765862,0.206473233245315
"290",778,0.582492327861074,0.353297576476505,0.529480362468437,0.202760397649136
"291",778,0.584954780176472,0.352005198648431,0.531454191171012,0.199380026660289
"292",778,0.587417232491871,0.350740103994683,0.533428019873587,0.196287890997878
"293",778,0.589879684807269,0.349501254662262,0.535401848576161,0.193434087884921
"294",778,0.592342137122667,0.348290116564923,0.537375677278736,0.190765433609455
"295",778,0.594804589438066,0.347109375590395,0.539349505981311,0.188227511528351
"296",778,0.597267041753464,0.345951590714594,0.541323334683886,0.185766409115979
"297",778,0.599729494068862,0.344816279123264,0.543297163386461,0.183330232668519
"298",778,0.602191946384261,0.343703023569175,0.545270992089036,0.180865468051507
"299",778,0.604654398699659,0.34261647446917,0.54724482079161,0.178322360103543
"300",778,0.607116851015058,0.34155443070147,0.549218649494185,0.175669282364684
"301",778,0.609579303330456,0.340513806458712,0.55119247819676,0.172882146628159
"302",778,0.612041755645854,0.33949466710209,0.553166306899335,0.169946984572628
"303",778,0.614504207961253,0.338497123381247,0.55514013560191,0.166860625941788
"304",778,0.616966660276651,0.337529478484151,0.557113964304484,0.16363076300326
"305",778,0.619429112592049,0.336584506050862,0.559087793007059,0.160275314332132
"306",778,0.621891564907448,0.33566227564598,0.561061621709634,0.156821064982301
"307",778,0.624354017222846,0.334763164079136,0.563035450412209,0.15330163003715
"308",778,0.626816469538245,0.333890435320564,0.565009279114784,0.149755581849909
"309",778,0.629278921853643,0.333048368938033,0.566983107817359,0.146229292436629
"310",778,0.631741374169041,0.332231384495332,0.568956936519933,0.142759821500066
"311",778,0.63420382648444,0.331440048514714,0.570930765222508,0.139376182648905
"312",778,0.636666278799838,0.330674953923608,0.572904593925083,0.136099953028533
"313",778,0.639128731115236,0.329943749285881,0.574878422627658,0.132944555108947
"314",778,0.641591183430635,0.329244524942906,0.576852251330233,0.129915286198366
"315",778,0.644053635746033,0.328574652726419,0.578826080032808,0.127010010553792
"316",778,0.646516088061431,0.327935050060191,0.580799908735382,0.124220382812954
"317",778,0.64897854037683,0.327326747533973,0.582773737437957,0.12153343829289
"318",778,0.651440992692228,0.326763838771717,0.584747566140532,0.118934099479606
"319",778,0.653903445007626,0.326235965046366,0.586721394843107,0.116409871379917
"320",778,0.656365897323025,0.325744548562975,0.588695223545682,0.113935662357799
"321",778,0.658828349638423,0.3252910758161,0.590669052248256,0.111498297955099
"322",778,0.661290801953822,0.324882753967652,0.592642880950831,0.109087437198379
"323",778,0.66375325426922,0.324527512888364,0.594616709653406,0.106695743901999
"324",778,0.666215706584618,0.324217542692304,0.596590538355981,0.104318785613247
"325",778,0.668678158900017,0.323954804546693,0.598564367058556,0.101954720686239
"326",778,0.671140611215415,0.323741294883336,0.600538195761131,0.0996038335569946
"327",778,0.673603063530813,0.323593655119721,0.602512024463705,0.0972679752376953
"328",778,0.676065515846212,0.323507790549495,0.60448585316628,0.0949499607692598
"329",778,0.67852796816161,0.32347979152879,0.606459681868855,0.0926555073208703
"330",778,0.680990420477009,0.323511622470036,0.60843351057143,0.0903859603336466
"331",778,0.683452872792407,0.323606297860782,0.610407339274005,0.088142739766337
"332",778,0.685915325107805,0.323788808992134,0.612381167976579,0.0859265559625098
"333",778,0.688377777423204,0.324038238983701,0.614354996679154,0.0837369762105152
"334",778,0.690840229738602,0.324355741891832,0.616328825381729,0.0815725046480098
"335",778,0.693302682054,0.324742313444195,0.618302654084304,0.0794307758980888
"336",778,0.695765134369399,0.325209190681873,0.620276482786879,0.0773088322821349
"337",778,0.698227586684797,0.325762632147846,0.622250311489454,0.0752034489140902
"338",778,0.700690039000196,0.326386133471013,0.624224140192029,0.0731114685744379
"339",778,0.703152491315594,0.327079001138081,0.626197968894603,0.0710307300951643
"340",778,0.705614943630992,0.327840312093908,0.628171797597178,0.0689586259380231
"341",778,0.708077395946391,0.328686465367242,0.630145626299753,0.0668937644490524
"342",778,0.710539848261789,0.329601971085411,0.632119455002328,0.0648361718757402
"343",778,0.713002300577187,0.330577546703127,0.634093283704903,0.0627868347993689
"344",778,0.715464752892586,0.331610244760156,0.636067112407477,0.0607477123691963
"345",778,0.717927205207984,0.332698411341163,0.638040941110052,0.0587217416049463
"346",778,0.720389657523382,0.33385084256843,0.640014769812627,0.0567128354325189
"347",778,0.722852109838781,0.335044556898814,0.641988598515202,0.054725866936949
"348",778,0.725314562154179,0.336275018520869,0.643962427217777,0.0527666283875309
"349",778,0.727777014469577,0.337537577382631,0.645936255920352,0.0508437638933321
"350",778,0.730239466784976,0.338830367185579,0.647910084622926,0.048967323444448
"351",778,0.732701919100374,0.340144996059539,0.649883913325501,0.0471425788279116
"352",778,0.735164371415773,0.341470818114913,0.651857742028076,0.0453773735727218
"353",778,0.737626823731171,0.342802831646379,0.653831570730651,0.0436791789485009
"354",778,0.740089276046569,0.344136077658801,0.655805399433226,0.0420547552091474
"355",778,0.742551728361968,0.34546179661815,0.6577792281358,0.0405098475659546
"356",778,0.745014180677366,0.34677338582971,0.659753056838375,0.0390489445264705
"357",778,0.747476632992764,0.34806729814169,0.66172688554095,0.0376751218580144
"358",778,0.749939085308163,0.349339708569058,0.663700714243525,0.0363899888139239
"359",778,0.752401537623561,0.350585571083031,0.6656745429461,0.0351953247220472
"360",778,0.75486398993896,0.351791270798297,0.667648371648675,0.0340971849556704
"361",778,0.757326442254358,0.352963140708295,0.669622200351249,0.033084008740122
"362",778,0.759788894569756,0.354099430660125,0.671596029053824,0.0321528676141034
"363",778,0.762251346885155,0.355198663690506,0.673569857756399,0.0313004460014372
"364",778,0.764713799200553,0.35625274670266,0.675543686458974,0.0305230840639803
"365",778,0.767176251515951,0.357260231568322,0.677517515161549,0.0298166839910075
"366",778,0.76963870383135,0.358229339206679,0.679491343864124,0.0291764896270515
"367",778,0.772101156146748,0.359160876040633,0.681465172566698,0.0285967711235562
"368",778,0.774563608462147,0.360055890314008,0.683439001269273,0.0280704654598896
"369",778,0.777026060777545,0.360906173421085,0.685412829971848,0.0275888395674013
"370",778,0.779488513092943,0.361723427260701,0.687386658674423,0.0271432007832482
"371",778,0.781950965408342,0.362512525985983,0.689360487376998,0.02671529672451
"372",778,0.78441341772374,0.363276109547855,0.691334316079573,0.026290076822296
"373",778,0.786875870039138,0.364015874259246,0.693308144782147,0.0258521669792029
"374",778,0.789338322354537,0.364732561682554,0.695281973484722,0.0253863644309884
"375",778,0.791800774669935,0.365436518127788,0.697255802187297,0.0248785318056543
"376",778,0.794263226985333,0.366131006954701,0.699229630889872,0.0243164622185657
"377",778,0.796725679300732,0.366819298166773,0.701203459592447,0.0236906342606647
"378",778,0.79918813161613,0.367505300430744,0.703177288295021,0.0229947891505648
"379",778,0.801650583931528,0.368195122939394,0.705151116997596,0.0222262811129963
"380",778,0.804113036246927,0.368892182786455,0.707124945700171,0.0213808253464761
"381",778,0.806575488562325,0.369599477305005,0.709098774402746,0.0204678958520645
"382",778,0.809037940877724,0.37031994638701,0.711072603105321,0.019499176940389
"383",778,0.811500393193122,0.37106346129288,0.713046431807896,0.0184857407258175
"384",778,0.81396284550852,0.371829802273526,0.71502026051047,0.0174401766712619
"385",778,0.816425297823919,0.372620520906597,0.716994089213045,0.0163759521565868
"386",778,0.818887750139317,0.373438069304143,0.71896791791562,0.0153068033526203
"387",778,0.821350202454715,0.374287403604839,0.720941746618195,0.014246172412647
"388",778,0.823812654770114,0.375179999030311,0.72291557532077,0.0132067009996635
"389",778,0.826275107085512,0.376109323484334,0.724889404023345,0.0121997860780265
"390",778,0.828737559400911,0.377077760609226,0.726863232725919,0.011237955409205
"391",778,0.831200011716309,0.378087735451103,0.728837061428494,0.0103307180797816
"392",778,0.833662464031707,0.379151906882804,0.730810890131069,0.00947980463517882
"393",778,0.836124916347106,0.380273670619294,0.732784718833644,0.00868760473152007
"394",778,0.838587368662504,0.381448455486289,0.734758547536219,0.00795438492789016
"395",778,0.841049820977902,0.38267944644978,0.736732376238794,0.0072785110790379
"396",778,0.843512273293301,0.383969958430237,0.738706204941368,0.00665677290749953
"397",778,0.845974725608699,0.385347662666347,0.740680033643943,0.0060847916904292
"398",778,0.848437177924098,0.386799875405729,0.742653862346518,0.00555748483295078
"399",778,0.850899630239496,0.388328597423756,0.744627691049093,0.00506955507698098
"400",778,0.853362082554894,0.389938547112328,0.746601519751668,0.00461671376673049
"401",778,0.855824534870293,0.391643378097041,0.748575348454242,0.00419621870705965
"402",778,0.858286987185691,0.393471052597931,0.750549177156817,0.00380200959002415
"403",778,0.860749439501089,0.395402768805912,0.752523005859392,0.00343252191267516
"404",778,0.863211891816488,0.397444634740903,0.754496834561967,0.00308730927975028
"405",778,0.865674344131886,0.399602880564047,0.756470663264542,0.00276684131931416
"406",778,0.868136796447284,0.401914050239873,0.758444491967117,0.00247221836508021
"407",778,0.870599248762683,0.404381965157228,0.760418320669691,0.00220483934136283
"408",778,0.873061701078081,0.406993981529441,0.762392149372266,0.00196606112628514
"409",778,0.875524153393479,0.409756735891837,0.764365978074841,0.00175688661379273
"410",778,0.877986605708878,0.412676825998023,0.766339806777416,0.00157771473321796
"411",778,0.880449058024276,0.415823234897048,0.768313635479991,0.00143146867032424
"412",778,0.882911510339675,0.419150679371494,0.770287464182566,0.00131315595081631
"413",778,0.885373962655073,0.422660373737341,0.77226129288514,0.00122047195529667
"414",778,0.887836414970471,0.426357193170034,0.774235121587715,0.00115071384131693
"415",778,0.89029886728587,0.430266744314215,0.77620895029029,0.00110087599913306
"416",778,0.892761319601268,0.434427090415133,0.778182778992865,0.0010678324398981
"417",778,0.895223771916666,0.438787479573774,0.78015660769544,0.00104849103805767
"418",778,0.897686224232065,0.443348336241421,0.782130436398014,0.00103990726159814
"419",778,0.900148676547463,0.448109354388866,0.784104265100589,0.00103935190404849
"420",778,0.902611128862862,0.453114871340646,0.786078093803164,0.00104433419217775
"421",778,0.90507358117826,0.458338138105585,0.788051922505739,0.00105265440324737
"422",778,0.907536033493658,0.463744351275453,0.790025751208314,0.00106173808286325
"423",778,0.909998485809057,0.46932515057216,0.791999579910889,0.00106960773926743
"424",778,0.912460938124455,0.475071066580811,0.793973408613463,0.00107449766901472
"425",778,0.914923390439853,0.481015722734832,0.795947237316038,0.00107476983369242
"426",778,0.917385842755252,0.487081578996234,0.797921066018613,0.00106894959182893
"427",778,0.91984829507065,0.493248171753649,0.799894894721188,0.00105577858555782
"428",778,0.922310747386049,0.499494976732169,0.801868723423763,0.00103427752188905
"429",778,0.924773199701447,0.50580147132662,0.803842552126337,0.00100381034954866
"430",778,0.927235652016845,0.512122184042804,0.805816380828912,0.000964140822231079
"431",778,0.929698104332244,0.518412524707355,0.807790209531487,0.000914979114560163
"432",778,0.932160556647642,0.524640235465415,0.809764038234062,0.0008572472650521
"433",778,0.93462300896304,0.530771790195988,0.811737866936637,0.000792752778142816
"434",778,0.937085461278439,0.536719634382898,0.813711695639212,0.000723087628570931
"435",778,0.939547913593837,0.542432512559734,0.815685524341786,0.000650069588807149
"436",778,0.942010365909235,0.547887213094888,0.817659353044361,0.000575630127981502
"437",778,0.944472818224634,0.553041638311416,0.819633181746936,0.00050169785835488
"438",778,0.946935270540032,0.557850568327721,0.821607010449511,0.000430086496509577
"439",778,0.94939772285543,0.56209196567341,0.823580839152086,0.000362395699076545
"440",778,0.951860175170829,0.565848781453465,0.825554667854661,0.000299931997760965
"441",778,0.954322627486227,0.569077197364139,0.827528496557235,0.000243876391300865
"442",778,0.956785079801626,0.571733915043487,0.82950232525981,0.000195221469655857
"443",778,0.959247532117024,0.573682076307751,0.831476153962385,0.000153490227381706
"444",778,0.961709984432422,0.574776802474334,0.83344998266496,0.000118467418508753
"445",778,0.964172436747821,0.575132179959423,0.835423811367535,8.97098349516557e-05
"446",778,0.966634889063219,0.57471438491001,0.83739764007011,6.66122528103621e-05
"447",778,0.969097341378617,0.573491373191633,0.839371468772684,4.84716526459045e-05
"448",778,0.971559793694016,0.571197541774609,0.841345297475259,3.4545335070624e-05
"449",778,0.974022246009414,0.567926382241064,0.843319126177834,2.40997865910388e-05
"450",778,0.976484698324813,0.563756234190471,0.845292954880409,1.64483992460793e-05
"451",778,0.978947150640211,0.558675553020911,0.847266783582984,1.09837085770967e-05
"452",778,0.981409602955609,0.552656437436183,0.849240612285558,7.3023128139303e-06
"453",778,0.983872055271008,0.545388620438239,0.851214440988133,4.75507986941905e-06
"454",778,0.986334507586406,0.537210809931313,0.853188269690708,3.03086495292776e-06
"455",778,0.988796959901804,0.528137564802552,0.855162098393283,1.89001556028314e-06
"456",778,0.991259412217203,0.518186545401485,0.857135927095858,1.1528938985636e-06
"457",778,0.993721864532601,0.50725728908869,0.859109755798433,6.88599709221317e-07
"458",778,0.996184316848,0.495346307964301,0.861083584501007,4.04612094691462e-07
"459",778,0.998646769163398,0.48268503506971,0.863057413203582,2.37814002583822e-07
"460",778,1.0011092214788,0.46931566313574,0.865031241906157,1.47152182643479e-07
"461",778,1.00357167379419,0.45528281106778,0.867005070608732,1.08019016743334e-07
"462",778,1.00603412610959,0.440491376674799,0.868978899311307,1.1227852677978e-07
"463",778,1.00849657842499,0.425147185871557,0.870952728013882,1.58356283891124e-07
"464",778,1.01095903074039,0.409364716997962,0.872926556716456,2.58794151174192e-07
"465",778,1.01342148305579,0.393203157192141,0.874900385419031,4.39928920069045e-07
"466",778,1.01588393537119,0.376715040839987,0.876874214121606,7.44833320595853e-07
"467",778,1.01834638768658,0.359936956139577,0.878848042824181,1.23878870840832e-06
"468",778,1.02080884000198,0.343038539977074,0.880821871526756,2.01625960904484e-06
"469",778,1.02327129231738,0.326080889609261,0.882795700229331,3.20917391962651e-06
"470",778,1.02573374463278,0.309124373494322,0.884769528931905,4.99612507845315e-06
"471",778,1.02819619694818,0.292256429049474,0.88674335763448,7.61187921135324e-06
"472",778,1.03065864926358,0.275589283228812,0.888717186337055,1.14657132764067e-05
"473",778,1.03312110157897,0.25915779498949,0.89069101503963,1.70069883559601e-05
"474",778,1.03558355389437,0.243010721793198,0.892664843742205,2.46498410775541e-05
"475",778,1.03804600620977,0.227194909770556,0.894638672444779,3.49255644013373e-05
"476",778,1.04050845852517,0.211889680654204,0.896612501147354,4.83955019090364e-05
"477",778,1.04297091084057,0.197072977835078,0.898586329849929,6.56132168453539e-05
"478",778,1.04543336315597,0.182743159034239,0.900560158552504,8.70747488767768e-05
"479",778,1.04789581547137,0.168927605895229,0.902533987255079,0.000113158796990755
"480",778,1.05035826778676,0.155680181050954,0.904507815957654,0.000144060189881154
"481",778,1.05282072010216,0.143188915588571,0.906481644660228,0.000179721545040788
"482",778,1.05528317241756,0.131286727896101,0.908455473362803,0.000219905237372897
"483",778,1.05774562473296,0.119980810599153,0.910429302065378,0.000263781813781623
"484",778,1.06020807704836,0.109276234086127,0.912403130767953,0.000309688726608957
"485",778,1.06267052936376,0.0992842135619387,0.914376959470528,0.000355977181715016
"486",778,1.06513298167915,0.0900068717561764,0.916350788173103,0.000400739926013344
"487",778,1.06759543399455,0.081317217496692,0.918324616875677,0.000441927845658647
"488",778,1.07005788630995,0.0732049421057095,0.920298445578252,0.000477491262486258
"489",778,1.07252033862535,0.0656583308648728,0.922272274280827,0.00050553418844847
"490",778,1.07498279094075,0.0588252555566814,0.924246102983402,0.000524467869458129
"491",778,1.07744524325615,0.0525423204747105,0.926219931685977,0.000533149002585801
"492",778,1.07990769557154,0.0467550393471479,0.928193760388552,0.000530868517632754
"493",778,1.08237014788694,0.0414437819656161,0.930167589091126,0.000516723720471532
"494",778,1.08483260020234,0.036615865442122,0.932141417793701,0.000492831355682719
"495",778,1.08729505251774,0.0323381690464292,0.934115246496276,0.000460613735655467
"496",778,1.08975750483314,0.0284478173045992,0.936089075198851,0.000421861314867111
"497",778,1.09221995714854,0.0249233297833048,0.938062903901426,0.000378580468982672
"498",778,1.09468240946393,0.0217433498527712,0.940036732604,0.000332836969991065
"499",778,1.09714486177933,0.0189423471520106,0.942010561306575,0.000286609220460216
"500",778,1.09960731409473,0.016476805314814,0.94398439000915,0.000241663056776886
"501",778,1.10206976641013,0.0142703652649639,0.945958218711725,0.000199457055346409
"502",778,1.10453221872553,0.0123043924826062,0.9479320474143,0.000161083858930052
"503",778,1.10699467104093,0.0105607098353869,0.949905876116875,0.000127753719634932
"504",778,1.10945712335632,0.00907754804099381,0.951879704819449,9.93555547612433e-05
"505",778,1.11191957567172,0.00777413998176688,0.953853533522024,7.57101159005738e-05
"506",778,1.11438202798712,0.0066264796215016,0.955827362224599,5.65058090565887e-05
"507",778,1.11684448030252,0.005620930016274,0.957801190927174,4.12881968795817e-05
"508",778,1.11930693261792,0.00475318658411626,0.959775019629749,2.95228327313063e-05
"509",778,1.12176938493332,0.00402671975505401,0.961748848332323,2.06486400601427e-05
"510",778,1.12423183724871,0.00339411210306421,0.963722677034898,1.41198655218926e-05
"511",778,1.12669428956411,0.00284618580631419,0.965696505737473,9.43597609452745e-06
"512",778,1.12915674187951,0.00237422828377701,0.967670334440048,6.16002486769229e-06
"513",454,-0.162534619910514,0.0343290070730566,-0.0324975854726341,0.1477927813832
"514",454,-0.159941529421628,0.0397385738772347,-0.0304134461948547,0.255625777350617
"515",454,-0.157348438932741,0.0458080970872459,-0.0283293069170753,0.426686731827781
"516",454,-0.154755348443854,0.0525874894775163,-0.0262451676392959,0.68789605069593
"517",454,-0.152162257954968,0.060146577051755,-0.0241610283615165,1.08656150282111
"518",454,-0.149569167466081,0.0689795229759683,-0.0220768890837371,1.65123221597264
"519",454,-0.146976076977195,0.0787981048957235,-0.0199927498059577,2.41574539334946
"520",454,-0.144382986488308,0.0896677563358001,-0.0179086105281783,3.40473228958953
"521",454,-0.141789895999422,0.101654183592469,-0.0158244712503989,4.62603223974634
"522",454,-0.139196805510535,0.115496687691977,-0.0137403319726195,6.06361066259398
"523",454,-0.136603715021649,0.130746156350193,-0.0116561926948402,7.67263782308681
"524",454,-0.134010624532762,0.14747541277644,-0.00957205341706076,9.37836929991704
"525",454,-0.131417534043875,0.165764016981272,-0.00748791413928138,11.0799941142621
"526",454,-0.128824443554989,0.186545042962743,-0.00540377486150198,12.6597582827946
"527",454,-0.126231353066102,0.209270124832612,-0.0033196355837226,13.9965704840773
"528",454,-0.123638262577216,0.233970095663192,-0.0012354963059432,14.9821697578633
"529",454,-0.121045172088329,0.260732403585711,0.000848642971836185,15.537051221141
"530",454,-0.118452081599443,0.290663181327486,0.00293278224961557,15.5948389733113
"531",454,-0.115858991110556,0.323132209260756,0.00501692152739496,15.1920649033878
"532",454,-0.113265900621669,0.358088753315334,0.00710106080517436,14.4063500347778
"533",454,-0.110672810132783,0.395616896063923,0.00918520008295375,13.3328336692692
"534",454,-0.108079719643896,0.436938668544539,0.0112693393607331,12.0809829215289
"535",454,-0.10548662915501,0.481373881274476,0.0133534786385125,10.7593106349354
"536",454,-0.102893538666123,0.52874707862394,0.0154376179162919,9.46270506312251
"537",454,-0.100300448177237,0.579122515394957,0.0175217571940713,8.26401415526337
"538",454,-0.0977073576883502,0.633742649307107,0.0196058964718507,7.21043461112888
"539",454,-0.0951142671994636,0.69191814762937,0.0216900357496301,6.32427195786293
"540",454,-0.092521176710577,0.753314019808066,0.0237741750274095,5.6069366933573
"541",454,-0.0899280862216905,0.817954748776311,0.0258583143051889,5.04471140793107
"542",454,-0.0873349957328039,0.886977154855234,0.0279424535829682,4.61486447930155
"543",454,-0.0847419052439174,0.959721254806777,0.0300265928607476,4.29386524584419
"544",454,-0.0821488147550308,1.03568258389508,0.032110732138527,4.05373750143548
"545",454,-0.0795557242661443,1.11482601542993,0.0341948714163064,3.86711204931252
"546",454,-0.0769626337772577,1.19804461506189,0.0362790106940858,3.71610778272617
"547",454,-0.0743695432883711,1.28472872664277,0.0383631499718652,3.58690191527393
"548",454,-0.0717764527994846,1.37423695289877,0.0404472892496446,3.46937939891474
"549",454,-0.069183362310598,1.46645987422789,0.042531428527424,3.35664734815184
"550",454,-0.0665902718217115,1.56192382732092,0.0446155678052034,3.24452143023195
"551",454,-0.0639971813328249,1.66005819853507,0.0466997070829828,3.13103068223562
"552",454,-0.0614040908439383,1.76017253215913,0.0487838463607621,3.01595181189769
"553",454,-0.0588110003550518,1.86207897712728,0.0508679856385415,2.90036909118731
"554",454,-0.0562179098661652,1.96585925199501,0.0529521249163209,2.78625482489347
"555",454,-0.0536248193772787,2.07092991131385,0.0550362641941003,2.67607118802633
"556",454,-0.0510317288883921,2.17669604053484,0.0571204034718797,2.57250525872788
"557",454,-0.0484386383995056,2.28290184752312,0.0592045427496591,2.47872311367363
"558",454,-0.045845547910619,2.38917581414617,0.0612886820274385,2.39591584440131
"559",454,-0.0432524574217324,2.49483291729851,0.0633728213052179,2.32506609507703
"560",454,-0.0406593669328459,2.59955991297446,0.0654569605829973,2.26638587748577
"561",454,-0.0380662764439593,2.70305927601676,0.0675410998607767,2.21934057679197
"562",454,-0.0354731859550728,2.80457683337868,0.069625239138556,2.18274419656782
"563",454,-0.0328800954661862,2.90321882370488,0.0717093784163354,2.15490951771548
"564",454,-0.0302870049772997,2.99914869244205,0.0737935176941148,2.1338328175287
"565",454,-0.0276939144884131,3.09206612863571,0.0758776569718942,2.11739148570932
"566",454,-0.0251008239995265,3.18097449632395,0.0779617962496736,2.10353435146782
"567",454,-0.02250773351064,3.26467661506422,0.080045935527453,2.0904483470285
"568",454,-0.0199146430217534,3.34397161028834,0.0821300748052324,2.07669040049239
"569",454,-0.0173215525328669,3.41860113888189,0.0842142140830118,2.06127899477228
"570",454,-0.0147284620439803,3.48750731519234,0.0862983533607912,2.04359907180879
"571",454,-0.0121353715550938,3.54914298310318,0.0883824926385706,2.02393813079034
"572",454,-0.00954228106620719,3.60501957863342,0.0904666319163499,2.00299180898552
"573",454,-0.00694919057732063,3.65496188732906,0.0925507711941293,1.98178839253966
"574",454,-0.00435610008843407,3.69803232875804,0.0946349104719087,1.96158304098374
"575",454,-0.00176300959954753,3.73236454418927,0.0967190497496881,1.94368423278015
"576",454,0.00083008088933903,3.76014256420442,0.0988031890274675,1.92925261518567
"577",454,0.00342317137822559,3.78130252197531,0.100887328305247,1.91909158893434
"578",454,0.00601626186711215,3.79516767075659,0.102971467583026,1.91345774323045
"579",454,0.00860935235599872,3.7996723983444,0.105055606860806,1.91192502240108
"580",454,0.0112024428448853,3.7975077094205,0.107139746138585,1.91333667254719
"581",454,0.0137955333337718,3.7887297977683,0.109223885416364,1.91587163897713
"582",454,0.0163886238226584,3.77299225393886,0.111308024694144,1.91723633201308
"583",454,0.0189817143115449,3.74822743674057,0.113392163971923,1.91467229032324
"584",454,0.0215748048004315,3.71736243972631,0.115476303249703,1.90577196656673
"585",454,0.0241678952893181,3.68056092479921,0.117560442527482,1.88931725738989
"586",454,0.0267609857782046,3.63779510623732,0.119644581805261,1.86488457213966
"587",454,0.0293540762670912,3.58723522760307,0.121728721083041,1.83303618289825
"588",454,0.0319471667559777,3.53171588669031,0.12381286036082,1.79518487504816
"589",454,0.0345402572448643,3.47147777601952,0.1258969996386,1.75331294261071
"590",454,0.0371333477337508,3.40673029522971,0.127981138916379,1.70960514672309
"591",454,0.0397264382226374,3.33611558824503,0.130065278194158,1.66606840914929
"592",454,0.0423195287115239,3.26205217659703,0.132149417471938,1.62420846408907
"593",454,0.0449126192004105,3.18481706273744,0.134233556749717,1.58481758279957
"594",454,0.0475057096892971,3.10468745690463,0.136317696027497,1.54790227887143
"595",454,0.0500988001781836,3.02109541745865,0.138401835305276,1.51275149022073
"596",454,0.0526918906670702,2.93564711044877,0.140485974583055,1.47809310133763
"597",454,0.0552849811559568,2.8486604837857,0.142570113860835,1.44217987539146
"598",454,0.0578780716448433,2.76040649145247,0.144654253138614,1.40355048167228
"599",454,0.0604711621337299,2.67102837101637,0.146738392416393,1.36112760373393
"600",454,0.0630642526226164,2.5813397963252,0.148822531694173,1.31434389085923
"601",454,0.065657343111503,2.49160978209971,0.150906670971952,1.2632232853492
"602",454,0.0682504336003895,2.40206908547542,0.152990810249732,1.20838770279309
"603",454,0.0708435240892761,2.31334199122343,0.155074949527511,1.15099675311818
"604",454,0.0734366145781626,2.2256434915268,0.15715908880529,1.09263243208172
"605",454,0.0760297050670492,2.13910103096246,0.15924322808307,1.03514354288423
"606",454,0.0786227955559358,2.0538841228649,0.161327367360849,0.980466446066934
"607",454,0.0812158860448223,1.97086704068191,0.163411506638629,0.930439829835472
"608",454,0.0838089765337089,1.88988209043539,0.165495645916408,0.88663159299165
"609",454,0.0864020670225955,1.81086795731735,0.167579785194187,0.850195483253475
"610",454,0.088995157511482,1.73392613896355,0.169663924471967,0.82246215772645
"611",454,0.0915882480003686,1.65998822920367,0.171748063749746,0.802748851353094
"612",454,0.0941813384892551,1.58869836803237,0.173832203027526,0.790485840918295
"613",454,0.0967744289781416,1.5198061036634,0.175916342305305,0.784765303418711
"614",454,0.0993675194670282,1.45335036871471,0.178000481583084,0.784477202191526
"615",454,0.101960609955915,1.3901861034109,0.180084620860864,0.788478251340055
"616",454,0.104553700444801,1.32991634613058,0.182168760138643,0.795749975701757
"617",454,0.107146790933688,1.27213772780084,0.184252899416422,0.805524093709477
"618",454,0.109739881422574,1.21684010618078,0.186337038694202,0.817358689927
"619",454,0.112332971911461,1.16472881622922,0.188421177971981,0.831156018446528
"620",454,0.114926062400348,1.11545757157098,0.190505317249761,0.847121201664017
"621",454,0.117519152889234,1.06852658275063,0.19258945652754,0.86566942129798
"622",454,0.120112243378121,1.02389341764368,0.194673595805319,0.887296374722597
"623",454,0.122705333867007,0.982091508774717,0.196757735083099,0.912655536173479
"624",454,0.125298424355894,0.942867740705698,0.198841874360878,0.941817386637681
"625",454,0.12789151484478,0.905686051145864,0.200926013638658,0.974467825980115
"626",454,0.130484605333667,0.870487784843466,0.203010152916437,1.01001645655942
"627",454,0.133077695822553,0.837646486254245,0.205094292194216,1.047525782675
"628",454,0.13567078631144,0.807008916493711,0.207178431471996,1.08578978500121
"629",454,0.138263876800327,0.778053867747419,0.209262570749775,1.12344898591827
"630",454,0.140856967289213,0.750719241970794,0.211346710027555,1.15912329692792
"631",454,0.1434500577781,0.725248520648826,0.213430849305334,1.19154240009668
"632",454,0.146043148266986,0.70157430785466,0.215514988583113,1.21965528521216
"633",454,0.148636238755873,0.679225538210543,0.217599127860893,1.24270539330964
"634",454,0.151229329244759,0.658145147747739,0.219683267138672,1.26026464598156
"635",454,0.153822419733646,0.63848118588043,0.221767406416452,1.27222711342281
"636",454,0.156415510222532,0.620229916797353,0.223851545694231,1.27859736554549
"637",454,0.159008600711419,0.60298861935202,0.22593568497201,1.2797564276424
"638",454,0.161601691200306,0.58670964422493,0.22801982424979,1.27656606675623
"639",454,0.164194781689192,0.571476877003978,0.230103963527569,1.26964559753774
"640",454,0.166787872178079,0.557328275797335,0.232188102805348,1.25959902542077
"641",454,0.169380962666965,0.543933267399125,0.234272242083128,1.24695819217088
"642",454,0.171974053155852,0.531254820286509,0.236356381360907,1.23213477087352
"643",454,0.174567143644738,0.519336845622919,0.238440520638687,1.21538600102297
"644",454,0.177160234133625,0.508241426680213,0.240524659916466,1.19680083211345
"645",454,0.179753324622512,0.497704122834706,0.242608799194245,1.17631287155983
"646",454,0.182346415111398,0.487697690730442,0.244692938472025,1.15374360055098
"647",454,0.184939505600285,0.478242647375172,0.246777077749804,1.12887391423362
"648",454,0.187532596089171,0.469413074685169,0.248861217027584,1.10153512736766
"649",454,0.190125686578058,0.460999568656825,0.250945356305363,1.07168326685607
"650",454,0.192718777066944,0.452982843190066,0.253029495583142,1.03941761929496
"651",454,0.195311867555831,0.445370224625488,0.255113634860922,1.00547946633994
"652",454,0.197904958044717,0.438240341039934,0.257197774138701,0.970637245922694
"653",454,0.200498048533604,0.431426469113378,0.259281913416481,0.935798342721527
"654",454,0.203091139022491,0.424915201154305,0.26136605269426,0.901895923569121
"655",454,0.205684229511377,0.418706351110991,0.263450191972039,0.869770631649764
"656",454,0.208277320000264,0.412878853663646,0.265534331249819,0.840068855913429
"657",454,0.21087041048915,0.407297539397999,0.267618470527598,0.813174802831604
"658",454,0.213463500978037,0.401953001381562,0.269702609805377,0.789186433427622
"659",454,0.216056591466923,0.396840451824277,0.271786749083157,0.767937017945426
"660",454,0.21864968195581,0.392036676251461,0.273870888360936,0.749056058840205
"661",454,0.221242772444696,0.38742938605807,0.275955027638716,0.732056880282713
"662",454,0.223835862933583,0.383011698331505,0.278039166916495,0.716434183340026
"663",454,0.22642895342247,0.378776765873949,0.280123306194274,0.701799294235105
"664",454,0.229022043911356,0.374794318622457,0.282207445472054,0.687805115902964
"665",454,0.231615134400243,0.370972183239538,0.284291584749833,0.674353801483984
"666",454,0.234208224889129,0.367303898532697,0.286375724027613,0.661500668560095
"667",454,0.236801315378016,0.363784079945641,0.288459863305392,0.649388203602475
"668",454,0.239394405866902,0.360465977757286,0.290544002583171,0.638184022703263
"669",454,0.241987496355789,0.357281828759002,0.292628141860951,0.628021454634028
"670",454,0.244580586844675,0.354222324260736,0.29471228113873,0.618954508731195
"671",454,0.247173677333562,0.351282888117972,0.29679642041651,0.610935041473393
"672",454,0.249766767822449,0.348502970081225,0.298880559694289,0.603814973319243
"673",454,0.252359858311335,0.345833145565264,0.300964698972068,0.597371381924189
"674",454,0.254952948800222,0.343262353508304,0.303048838249848,0.591348085726486
"675",454,0.257546039289108,0.340786460428742,0.305132977527627,0.585504625232608
"676",454,0.260139129777995,0.338433077904921,0.307217116805406,0.579659485745734
"677",454,0.262732220266881,0.336166899403054,0.309301256083186,0.573741318618294
"678",454,0.265325310755768,0.33397620484959,0.311385395360965,0.567817836714305
"679",454,0.267918401244654,0.331857140867543,0.313469534638745,0.562057279156545
"680",454,0.270511491733541,0.329827203905634,0.315553673916524,0.556699286135497
"681",454,0.273104582222428,0.327861965947429,0.317637813194303,0.552014705230967
"682",454,0.275697672711314,0.325950172556783,0.319721952472083,0.548259073110708
"683",454,0.278290763200201,0.324088222673356,0.321806091749862,0.545624167554532
"684",454,0.280883853689087,0.322285218366564,0.323890231027642,0.54419175410501
"685",454,0.283476944177974,0.320524896216211,0.325974370305421,0.543893673055664
"686",454,0.28607003466686,0.318797570418487,0.3280585095832,0.544482775989109
"687",454,0.288663125155747,0.317099949608435,0.33014264886098,0.545519736808064
"688",454,0.291256215644633,0.315434545195663,0.332226788138759,0.546381020778119
"689",454,0.29384930613352,0.313790888654211,0.334310927416539,0.546252779229177
"690",454,0.296442396622407,0.312161846349091,0.336395066694318,0.544084484559635
"691",454,0.299035487111293,0.310544543580349,0.338479205972097,0.539119075440638
"692",454,0.30162857760018,0.308936776464975,0.340563345249877,0.530692195162636
"693",454,0.304221668089066,0.307331830225052,0.342647484527656,0.518395935371126
"694",454,0.306814758577953,0.305725868629712,0.344731623805436,0.50214861532883
"695",454,0.309407849066839,0.304116561780671,0.346815763083215,0.482222645943703
"696",454,0.312000939555726,0.302498860884438,0.348899902360994,0.459224195787435
"697",454,0.314594030044613,0.300868163363747,0.350984041638774,0.43402708183775
"698",454,0.317187120533499,0.299224315563751,0.353068180916553,0.407671561669466
"699",454,0.319780211022386,0.297565654970887,0.355152320194332,0.381244844973536
"700",454,0.322373301511272,0.295886032465386,0.357236459472112,0.355762986036943
"701",454,0.324966392000159,0.294181814006405,0.359320598749891,0.332072809301252
"702",454,0.327559482489045,0.292456450112151,0.361404738027671,0.310787850776512
"703",454,0.330152572977932,0.290709035802789,0.36348887730545,0.292504452179101
"704",454,0.332745663466818,0.288933798092107,0.365573016583229,0.277090767241463
"705",454,0.335338753955705,0.287127503313467,0.367657155861009,0.264418402534819
"706",454,0.337931844444592,0.285296605476542,0.369741295138788,0.254263897979212
"707",454,0.340524934933478,0.28344099005029,0.371825434416568,0.246349064783274
"708",454,0.343118025422365,0.281556334107275,0.373909573694347,0.240380643060109
"709",454,0.345711115911251,0.279639830342278,0.375993712972126,0.236073723501177
"710",454,0.348304206400138,0.277699826396124,0.378077852249906,0.233160333862926
"711",454,0.350897296889024,0.275736956315289,0.380161991527685,0.231387274325453
"712",454,0.353490387377911,0.273748925603711,0.382246130805465,0.230508582330495
"713",454,0.356083477866797,0.271733908564385,0.384330270083244,0.230277950332208
"714",454,0.358676568355684,0.269700629793832,0.386414409361023,0.23044524640435
"715",454,0.361269658844571,0.26765035061445,0.388498548638803,0.230759392726607
"716",454,0.363862749333457,0.265582864869706,0.390582687916582,0.230957790512093
"717",454,0.366455839822344,0.263498260481891,0.392666827194361,0.230803260034753
"718",454,0.36904893031123,0.261403904791094,0.394750966472141,0.230135371107507
"719",454,0.371642020800117,0.259301497310406,0.39683510574992,0.228847455950203
"720",454,0.374235111289003,0.25719252240376,0.3989192450277,0.226897006980294
"721",454,0.37682820177789,0.255080070928229,0.401003384305479,0.224307154887391
"722",454,0.379421292266776,0.252968450049903,0.403087523583258,0.221162613896186
"723",454,0.382014382755663,0.25085956763548,0.405171662861038,0.217600626490173
"724",454,0.38460747324455,0.248755879019319,0.407255802138817,0.213797734455972
"725",454,0.387200563733436,0.246664480893161,0.409339941416597,0.209953407716326
"726",454,0.389793654222323,0.244585208144994,0.411424080694376,0.206271740344312
"727",454,0.392386744711209,0.242519943235267,0.413508219972155,0.202942606976894
"728",454,0.394979835200096,0.240471252713948,0.415592359249935,0.200123856908622
"729",454,0.397572925688982,0.238450941667063,0.417676498527714,0.197948138006147
"730",454,0.400166016177869,0.236453463576617,0.419760637805494,0.196481213383818
"731",454,0.402759106666756,0.234480475619178,0.421844777083273,0.195661089039857
"732",454,0.405352197155642,0.232533840032821,0.423928916361052,0.195406481828675
"733",454,0.407945287644529,0.230630337781449,0.426013055638832,0.195595150438396
"734",454,0.410538378133415,0.228758749682964,0.428097194916611,0.196081591997639
"735",454,0.413131468622302,0.226920371131768,0.43018133419439,0.196716838221323
"736",454,0.415724559111188,0.225116490293523,0.43226547347217,0.197367617800296
"737",454,0.418317649600075,0.223366400781204,0.434349612749949,0.197932229493552
"738",454,0.420910740088961,0.221655798348584,0.436433752027729,0.198350957418874
"739",454,0.423503830577848,0.219984801536368,0.438517891305508,0.198609691665547
"740",454,0.426096921066734,0.218354277931702,0.440602030583287,0.198736474735591
"741",454,0.428690011555621,0.216783920324736,0.442686169861067,0.198791817691605
"742",454,0.431283102044508,0.215258682203507,0.444770309138846,0.198855300207578
"743",454,0.433876192533394,0.213777008482946,0.446854448416626,0.199022122502902
"744",454,0.436469283022281,0.21233936443679,0.448938587694405,0.199353576022478
"745",454,0.439062373511167,0.210964719430504,0.451022726972184,0.199885600444574
"746",454,0.441655464000054,0.209638697379302,0.453106866249964,0.200625656967265
"747",454,0.44424855448894,0.2083580339356,0.455191005527743,0.20155551727735
"748",454,0.446841644977827,0.207122867476492,0.457275144805523,0.202638126094871
"749",454,0.449434735466714,0.205950747372461,0.459359284083302,0.203826828028889
"750",454,0.4520278259556,0.204828976844686,0.461443423361081,0.205075023864217
"751",454,0.454620916444487,0.203752729432964,0.463527562638861,0.206344400407468
"752",454,0.457214006933373,0.202721923682205,0.46561170191664,0.207610246065184
"753",454,0.45980709742226,0.201752386298166,0.46769584119442,0.208862981094868
"754",454,0.462400187911146,0.200833707753607,0.469779980472199,0.21010582671075
"755",454,0.464993278400033,0.199959733090505,0.471864119749978,0.211349406173733
"756",454,0.467586368888919,0.199130273221231,0.473948259027758,0.212606009032238
"757",454,0.470179459377806,0.198359426154574,0.476032398305537,0.213879270265865
"758",454,0.472772549866692,0.197639353217269,0.478116537583317,0.215163320033562
"759",454,0.475365640355579,0.196962796300647,0.480200676861096,0.216446988390245
"760",454,0.477958730844466,0.196329553816006,0.482284816138875,0.217719741193592
"761",454,0.480551821333352,0.19575216011558,0.484368955416655,0.218978806727601
"762",454,0.483144911822239,0.19522541497663,0.486453094694434,0.220234860851891
"763",454,0.485738002311125,0.19474110391705,0.488537233972213,0.221514203736433
"764",454,0.488331092800012,0.194299075564919,0.490621373249993,0.222856233227454
"765",454,0.490924183288898,0.19391051418428,0.492705512527772,0.224306184858645
"766",454,0.493517273777785,0.19357281057968,0.494789651805552,0.22590428718235
"767",454,0.496110364266672,0.193276829361025,0.496873791083331,0.227673406287023
"768",454,0.498703454755558,0.193022491372413,0.49895793036111,0.229607713371555
"769",454,0.501296545244445,0.192819794828292,0.50104206963889,0.231665813176806
"770",454,0.503889635733331,0.192668624408865,0.503126208916669,0.233747968983201
"771",454,0.506482726222218,0.192558857431788,0.505210348194449,0.235723440282623
"772",454,0.509075816711104,0.192490466234819,0.507294487472228,0.237445351933408
"773",454,0.511668907199991,0.192472316581452,0.509378626750007,0.238758571938161
"774",454,0.514261997688877,0.192506655653084,0.511462766027787,0.239513155162336
"775",454,0.516855088177764,0.192582255670321,0.513546905305566,0.239576368044036
"776",454,0.519448178666651,0.192699081127555,0.515631044583346,0.23884193816403
"777",454,0.522041269155537,0.19286479160056,0.517715183861125,0.237235647628176
"778",454,0.524634359644424,0.193083798003233,0.519799323138904,0.234716936337778
"779",454,0.52722745013331,0.193343683329094,0.521883462416684,0.231276780614688
"780",454,0.529820540622197,0.193644317354121,0.523967601694463,0.226932726778198
"781",454,0.532413631111083,0.193991981825508,0.526051740972242,0.221722519340739
"782",454,0.53500672159997,0.194392919782442,0.528135880250022,0.215684300080077
"783",454,0.537599812088856,0.194833580743145,0.530220019527801,0.208851745145686
"784",454,0.540192902577743,0.195313644450953,0.532304158805581,0.20136014518099
"785",454,0.54278599306663,0.195837816651316,0.53438829808336,0.193305624157204
"786",454,0.545379083555516,0.196413641133153,0.536472437361139,0.184808046789496
"787",454,0.547972174044403,0.197026732695074,0.538556576638919,0.176014852799207
"788",454,0.550565264533289,0.197676503853032,0.540640715916698,0.167100244657416
"789",454,0.553158355022176,0.198365957919756,0.542724855194478,0.158258512224888
"790",454,0.555751445511062,0.199103181022317,0.544808994472257,0.149691814684145
"791",454,0.558344535999949,0.199873559613406,0.546893133750036,0.141594188242399
"792",454,0.560937626488835,0.200676210051504,0.548977273027816,0.134134543510448
"793",454,0.563530716977722,0.201512476101296,0.551061412305595,0.127441731250125
"794",454,0.566123807466609,0.202390055166478,0.553145551583375,0.121594326954628
"795",454,0.568716897955495,0.20329500486746,0.555229690861154,0.116616735881814
"796",454,0.571309988444382,0.204226190893201,0.557313830138933,0.112543256523096
"797",454,0.573903078933268,0.205183570249778,0.559397969416713,0.10922742945629
"798",454,0.576496169422155,0.206173511618796,0.561482108694492,0.106557056946522
"799",454,0.579089259911041,0.207183810780381,0.563566247972271,0.104412994200726
"800",454,0.581682350399928,0.208213215154981,0.565650387250051,0.102674947001391
"801",454,0.584275440888815,0.209260787113615,0.56773452652783,0.101231176007559
"802",454,0.586868531377701,0.210330887088978,0.56981866580561,0.0999858968366241
"803",454,0.589461621866588,0.211414040697067,0.571902805083389,0.0988642320112033
"804",454,0.592054712355474,0.21250908689275,0.573986944361168,0.0978147777027262
"805",454,0.594647802844361,0.21361486815247,0.576071083638948,0.096810041095883
"806",454,0.597240893333247,0.214733459339632,0.578155222916727,0.0958451693709218
"807",454,0.599833983822134,0.215858893651276,0.580239362194507,0.0949354887793652
"808",454,0.60242707431102,0.216990291883753,0.582323501472286,0.0941133496649622
"809",454,0.605020164799907,0.218126846596461,0.584407640750065,0.0934356896084316
"810",454,0.607613255288794,0.219269108424313,0.586491780027845,0.0929626914013234
"811",454,0.61020634577768,0.220414514765456,0.588575919305624,0.0927492632453393
"812",454,0.612799436266567,0.22156269625872,0.590660058583404,0.0928504767702373
"813",454,0.615392526755453,0.222713435036989,0.592744197861183,0.0933097646942014
"814",454,0.61798561724434,0.223867777090558,0.594828337138962,0.0941515092048265
"815",454,0.620578707733226,0.225025291349036,0.596912476416742,0.0953747209411586
"816",454,0.623171798222113,0.226186340281963,0.598996615694521,0.0969490066137659
"817",454,0.625764888710999,0.227351460250565,0.601080754972301,0.0988137716019304
"818",454,0.628357979199886,0.228524120089439,0.60316489425008,0.100881145836096
"819",454,0.630951069688773,0.229704828342895,0.605249033527859,0.103042572450932
"820",454,0.633544160177659,0.230894415008554,0.607333172805639,0.105178475841702
"821",454,0.636137250666546,0.232094211321197,0.609417312083418,0.107170024123273
"822",454,0.638730341155432,0.233311542579657,0.611501451361197,0.108901637109029
"823",454,0.641323431644319,0.234547032965394,0.613585590638977,0.110279986339171
"824",454,0.643916522133205,0.235801181691272,0.615669729916756,0.111290169890797
"825",454,0.646509612622092,0.237076010845623,0.617753869194536,0.111947840307425
"826",454,0.649102703110979,0.238383351212451,0.619838008472315,0.112315093847836
"827",454,0.651695793599865,0.239723674579202,0.621922147750094,0.112497225089703
"828",454,0.654288884088752,0.241095918146104,0.624006287027874,0.112635116796583
"829",454,0.656881974577638,0.242502562927575,0.626090426305653,0.1128937353098
"830",454,0.659475065066525,0.24395971154815,0.628174565583433,0.113447563371988
"831",454,0.662068155555411,0.245468007086261,0.630258704861212,0.114464111014754
"832",454,0.664661246044298,0.247023394620288,0.632342844138991,0.116086885985265
"833",454,0.667254336533184,0.248628505763313,0.634426983416771,0.118419368275282
"834",454,0.669847427022071,0.250302715304773,0.63651112269455,0.121511608434318
"835",454,0.672440517510957,0.252047636781535,0.63859526197233,0.125354128166154
"836",454,0.675033607999844,0.253854896973946,0.640679401250109,0.12990429362079
"837",454,0.677626698488731,0.255726965573003,0.642763540527888,0.134941466788746
"838",454,0.680219788977617,0.257685010496921,0.644847679805668,0.140263116713589
"839",454,0.682812879466504,0.259732674422483,0.646931819083447,0.145641384619918
"840",454,0.68540596995539,0.26185632259846,0.649015958361226,0.150844710662397
"841",454,0.687999060444277,0.264058017947415,0.651100097639006,0.155658958967487
"842",454,0.690592150933163,0.266359125422457,0.653184236916785,0.159905138512961
"843",454,0.69318524142205,0.268766401752571,0.655268376194565,0.163451399206133
"844",454,0.695778331910937,0.271260556934246,0.657352515472344,0.166218000253309
"845",454,0.698371422399823,0.273843120522079,0.659436654750123,0.168175213984498
"846",454,0.70096451288871,0.276534269337774,0.661520794027903,0.169335402964446
"847",454,0.703557603377596,0.279344814133753,0.663604933305682,0.169741535298458
"848",454,0.706150693866483,0.282249967379378,0.665689072583462,0.169454946569271
"849",454,0.708743784355369,0.285250732430985,0.667773211861241,0.168508491283002
"850",454,0.711336874844256,0.288365129866002,0.66985735113902,0.167010631774769
"851",454,0.713929965333142,0.291608756760862,0.6719414904168,0.165045196447022
"852",454,0.716523055822029,0.294951878366284,0.674025629694579,0.162684254459004
"853",454,0.719116146310915,0.298395091278476,0.676109768972359,0.160001722775814
"854",454,0.721709236799802,0.301953755288292,0.678193908250138,0.157071601243564
"855",454,0.724302327288689,0.305648823211102,0.680278047527917,0.153963188134944
"856",454,0.726895417777575,0.309446294746868,0.682362186805697,0.150734011574805
"857",454,0.729488508266462,0.313346543190679,0.684446326083476,0.147422284808493
"858",454,0.732081598755348,0.317362132829988,0.686530465361255,0.144041251545362
"859",454,0.734674689244235,0.321519890505423,0.688614604639035,0.140577673750662
"860",454,0.737267779733121,0.325782090288834,0.690698743916814,0.136995918070466
"861",454,0.739860870222008,0.330149073478721,0.692782883194594,0.133247762398541
"862",454,0.742453960710895,0.334630672205748,0.694867022472373,0.129276306226288
"863",454,0.745047051199781,0.339260178839724,0.696951161750152,0.125052058425017
"864",454,0.747640141688668,0.343996341952748,0.699035301027932,0.120596468985061
"865",454,0.750233232177554,0.34883962668934,0.701119440305711,0.115956610102179
"866",454,0.752826322666441,0.353797220696147,0.703203579583491,0.111209714200495
"867",454,0.755419413155327,0.358909647430059,0.70528771886127,0.106451421892609
"868",454,0.758012503644214,0.364131915216419,0.707371858139049,0.101780489598928
"869",454,0.7606055941331,0.369464718464226,0.709455997416829,0.0972833286115134
"870",454,0.763198684621987,0.374912594146521,0.711540136694608,0.0930215907291674
"871",454,0.765791775110874,0.380524319069238,0.713624275972388,0.0890252138810379
"872",454,0.76838486559976,0.386250566762562,0.715708415250167,0.0852920940108269
"873",454,0.770977956088647,0.392092333636191,0.717792554527946,0.081794115412962
"874",454,0.773571046577533,0.398051359265569,0.719876693805726,0.0784879336440527
"875",454,0.77616413706642,0.404186065075803,0.721960833083505,0.0753297243663523
"876",454,0.778757227555306,0.410441888876856,0.724044972361285,0.072288419362145
"877",454,0.781350318044193,0.416820210232719,0.726129111639064,0.0693428561085223
"878",454,0.783943408533079,0.42332241671655,0.728213250916843,0.0665030436481335
"879",454,0.786536499021966,0.430010326240064,0.730297390194623,0.0637952352625607
"880",454,0.789129589510853,0.436831156333537,0.732381529472402,0.0612547076639429
"881",454,0.791722679999739,0.443784064133015,0.734465668750181,0.0589177943826004
"882",454,0.794315770488626,0.450870957004424,0.736549808027961,0.056815001730921
"883",454,0.796908860977512,0.458155916510169,0.73863394730574,0.0549664478287509
"884",454,0.799501951466399,0.46559030315628,0.74071808658352,0.0533800869055953
"885",454,0.802095041955285,0.473169917533756,0.742802225861299,0.0520523944799133
"886",454,0.804688132444172,0.480897388109253,0.744886365139078,0.0509705606914219
"887",454,0.807281222933058,0.488840430567009,0.746970504416858,0.0501149016033917
"888",454,0.809874313421945,0.496954952126592,0.749054643694637,0.0494602328656108
"889",454,0.812467403910832,0.505232696402589,0.751138782972417,0.0489848741309586
"890",454,0.815060494399718,0.513677241301482,0.753222922250196,0.0486303579115135
"891",454,0.817653584888605,0.522361425339175,0.755307061527975,0.0483385835353593
"892",454,0.820246675377491,0.531246409595247,0.757391200805755,0.0480382026977621
"893",454,0.822839765866378,0.54031862881378,0.759475340083534,0.0476447087200261
"894",454,0.825432856355264,0.54958275623366,0.761559479361314,0.0470659148634313
"895",454,0.828025946844151,0.559117868314171,0.763643618639093,0.0462109964668143
"896",454,0.830619037333038,0.568891450480289,0.765727757916872,0.0450018650410429
"897",454,0.833212127821924,0.578882566741369,0.767811897194652,0.0433849507707647
"898",454,0.835805218310811,0.589096875718031,0.769896036472431,0.0413411683734633
"899",454,0.838398308799697,0.599619644621251,0.77198017575021,0.0388919978360282
"900",454,0.840991399288584,0.610426073883853,0.77406431502799,0.0361002108829222
"901",454,0.84358448977747,0.621484897587906,0.776148454305769,0.0330647174365365
"902",454,0.846177580266357,0.632802188742066,0.778232593583549,0.029912096055245
"903",454,0.848770670755243,0.644467281097961,0.780316732861328,0.0267975630168257
"904",454,0.85136376124413,0.656464454534752,0.782400872139107,0.0238510266618963
"905",454,0.853956851733017,0.668748587195738,0.784485011416887,0.0211766037727602
"906",454,0.856549942221903,0.681324956553112,0.786569150694666,0.0188489057624964
"907",454,0.85914303271079,0.694282030902374,0.788653289972446,0.0169099506034508
"908",454,0.861736123199676,0.707613636031836,0.790737429250225,0.0153700838821043
"909",454,0.864329213688563,0.721257688655539,0.792821568528004,0.0142119263263717
"910",454,0.866922304177449,0.735216749904101,0.794905707805784,0.0133961786717435
"911",454,0.869515394666336,0.749570521993765,0.796989847083563,0.0128681926561656
"912",454,0.872108485155222,0.764320419059893,0.799073986361343,0.0125644736782717
"913",454,0.874701575644109,0.779386477696995,0.801158125639122,0.012418611702616
"914",454,0.877294666132996,0.794766025865087,0.803242264916901,0.0123664384406423
"915",454,0.879887756621882,0.810519886038086,0.805326404194681,0.0123499734845306
"916",454,0.882480847110769,0.826650599842806,0.80741054347246,0.0123174746613602
"917",454,0.885073937599655,0.843064019424004,0.809494682750239,0.0122371686749546
"918",454,0.887667028088542,0.859749484870306,0.811578822028019,0.012094111352565
"919",454,0.890260118577428,0.876738443301916,0.813662961305798,0.0118875525034462
"920",454,0.892853209066315,0.894021406195076,0.815747100583578,0.011628947183386
"921",454,0.895446299555201,0.911500987489138,0.817831239861357,0.0113387197451089
"922",454,0.898039390044088,0.929156149031802,0.819915379139136,0.0110422060693922
"923",454,0.900632480532975,0.94698082505438,0.821999518416916,0.0107653489091496
"924",454,0.903225571021861,0.964932126070224,0.824083657694695,0.0105307685130942
"925",454,0.905818661510748,0.982929669493414,0.826167796972475,0.0103547658166138
"926",454,0.908411751999634,1.00094077804592,0.828251936250254,0.0102456493212431
"927",454,0.911004842488521,1.01891918136259,0.830336075528033,0.0102035381411533
"928",454,0.913597932977407,1.03675917393885,0.832420214805813,0.0102216429654788
"929",454,0.916191023466294,1.05442734203038,0.834504354083592,0.0102907388138783
"930",454,0.918784113955181,1.07187999601632,0.836588493361372,0.0103916559335701
"931",454,0.921377204444067,1.08903595392851,0.838672632639151,0.0105114533279445
"932",454,0.923970294932953,1.10569201256694,0.84075677191693,0.0106395529161427
"933",454,0.92656338542184,1.1218992542763,0.84284091119471,0.0107681447772508
"934",454,0.929156475910727,1.13760600907588,0.844925050472489,0.0108918214124662
"935",454,0.931749566399613,1.15271043549918,0.847009189750269,0.0110067040022578
"936",454,0.9343426568885,1.16687769545514,0.849093329028048,0.0111093875483918
"937",454,0.936935747377386,1.18028317399645,0.851177468305827,0.0111960290660687
"938",454,0.939528837866273,1.19287269855316,0.853261607583607,0.0112618441037661
"939",454,0.94212192835516,1.20454559733375,0.855345746861386,0.0113011755964517
"940",454,0.944715018844046,1.21481018354781,0.857429886139165,0.01130817088099
"941",454,0.947308109332933,1.22400012853785,0.859514025416945,0.0112779635766581
"942",454,0.949901199821819,1.23206609095835,0.861598164694724,0.0112056998880616
"943",454,0.952494290310706,1.23893403390121,0.863682303972504,0.0110955509652869
"944",454,0.955087380799592,1.24394853600318,0.865766443250283,0.0109558182358623
"945",454,0.957680471288479,1.2476201412503,0.867850582528062,0.0107978990276743
"946",454,0.960273561777365,1.24991232013681,0.869934721805842,0.0106356117555978
"947",454,0.962866652266252,1.25078883054897,0.872018861083621,0.0104828916432854
"948",454,0.965459742755138,1.24948614932162,0.874103000361401,0.0103512093501073
"949",454,0.968052833244025,1.24664991571661,0.87618713963918,0.0102472483969815
"950",454,0.970645923732912,1.24227549143528,0.878271278916959,0.01017136374066
"951",454,0.973239014221798,1.23634659215104,0.880355418194739,0.0101172219732556
"952",454,0.975832104710685,1.22813849875235,0.882439557472518,0.0100728132194335
"953",454,0.978425195199571,1.21829962115214,0.884523696750298,0.0100227595829318
"954",454,0.981018285688458,1.20689406160064,0.886607836028077,0.0099515686314932
"955",454,0.983611376177345,1.19392981165009,0.888691975305856,0.0098457432899911
"956",454,0.986204466666231,1.17878811241887,0.890776114583636,0.00970045270990642
"957",454,0.988797557155117,1.16206634108515,0.892860253861415,0.00952343844473272
"958",454,0.991390647644004,1.14389457236318,0.894944393139194,0.00932877968508387
"959",454,0.993983738132891,1.12430558422225,0.897028532416974,0.00913580714001004
"960",454,0.996576828621777,1.10283650291517,0.899112671694753,0.00896516939833697
"961",454,0.999169919110664,1.07999370906338,0.901196810972533,0.00883450355073404
"962",454,1.00176300959955,1.05595445371218,0.903280950250312,0.00875463130320687
"963",454,1.00435610008844,1.03077266767193,0.905365089528091,0.00872709677707446
"964",454,1.00694919057732,1.00416595983194,0.907449228805871,0.00874358142732726
"965",454,1.00954228106621,0.97652976237269,0.90953336808365,0.00878733233247038
"966",454,1.0121353715551,0.948056575052693,0.91161750736143,0.00883630284610456
"967",454,1.01472846204398,0.918814335131121,0.913701646639209,0.00886732100614631
"968",454,1.01732155253287,0.888698011496627,0.915785785916988,0.00885962543074248
"969",454,1.01991464302176,0.857993321456318,0.917869925194768,0.00879626056714582
"970",454,1.02250773351064,0.826869411681593,0.919954064472547,0.00867746411411961
"971",454,1.02510082399953,0.795399019968525,0.922038203750327,0.00850798379042147
"972",454,1.02769391448842,0.763627219145445,0.924122343028106,0.00829752363470794
"973",454,1.0302870049773,0.731748670684331,0.926206482305885,0.00805784960398777
"974",454,1.03288009546619,0.699872225174254,0.928290621583665,0.00780012122430915
"975",454,1.03547318595508,0.668066038037223,0.930374760861444,0.00753300707029051
"976",454,1.03806627644396,0.636482077072455,0.932458900139223,0.00726188664801069
"977",454,1.04065936693285,0.605252828631748,0.934543039417003,0.0069891640451328
"978",454,1.04325245742174,0.574399488442988,0.936627178694782,0.00671547281623223
"979",454,1.04584554791062,0.543977872999115,0.938711317972562,0.00644137661696813
"980",454,1.04843863839951,0.514197954783767,0.940795457250341,0.00616909007773922
"981",454,1.0510317288884,0.485160825857317,0.94287959652812,0.00590376649364565
"982",454,1.05362481937728,0.456787652473496,0.9449637358059,0.00565629837334363
"983",454,1.05621790986617,0.429117051847154,0.947047875083679,0.00543878146309127
"984",454,1.05881100035505,0.402372046072122,0.949132014361459,0.00526417647419396
"985",454,1.06140409084394,0.376647908768909,0.951216153639238,0.00514466349322735
"986",454,1.06399718133283,0.35176999360214,0.953300292917017,0.00508965239105276
"987",454,1.06659027182171,0.327758231140116,0.955384432194797,0.00510439660806192
"988",454,1.0691833623106,0.304814498458793,0.957468571472576,0.00518920731658905
"989",454,1.07177645279949,0.283044340496118,0.959552710750356,0.00533932867444777
"990",454,1.07436954328837,0.262195851166595,0.961636850028135,0.00554542718044669
"991",454,1.07696263377726,0.242271839108888,0.963720989305914,0.00579457049582106
"992",454,1.07955572426615,0.223432638521282,0.965805128583694,0.00607152494917233
"993",454,1.08214881475503,0.205799712577577,0.967889267861473,0.00636018078570016
"994",454,1.08474190524392,0.189071693413279,0.969973407139252,0.00664491110970093
"995",454,1.08733499573281,0.173237981996216,0.972057546417032,0.00691007521722653
"996",454,1.08992808622169,0.158410224283004,0.974141685694811,0.00714298616095235
"997",454,1.09252117671058,0.144722826232296,0.976225824972591,0.00733552121682238
"998",454,1.09511426719947,0.131855740100656,0.97830996425037,0.00748043271476712
"999",454,1.09770735768835,0.119789672202887,0.980394103528149,0.00757115159528027
"1000",454,1.10030044817724,0.108590645132482,0.982478242805929,0.00760098822237678
"1001",454,1.10289353866613,0.0983978107797906,0.984562382083708,0.00756272324034818
"1002",454,1.10548662915501,0.0889004731309951,0.986646521361488,0.00744880061814121
"1003",454,1.1080797196439,0.0800752843635375,0.988730660639267,0.00725218222873219
"1004",454,1.11067281013279,0.0719518054878584,0.990814799917046,0.00696774586286652
"1005",454,1.11326590062167,0.0646641741824235,0.992898939194826,0.00659394800178607
"1006",454,1.11585899111056,0.0579323417635631,0.994983078472605,0.00613436714874677
"1007",454,1.11845208159945,0.0517327096726816,0.997067217750384,0.00559872168228505
"1008",454,1.12104517208833,0.046069723613234,0.999151357028164,0.00500211330362806
"1009",454,1.12363826257722,0.0410640817560486,1.00123549630594,0.0043678407010993
"1010",454,1.12623135306611,0.0364791994925046,1.00331963558372,0.00372491261708542
"1011",454,1.12882444355499,0.0322938224466952,1.0054037748615,0.00309844606040109
"1012",454,1.13141753404388,0.0284979092855832,1.00748791413928,0.0025108732153308
"1013",454,1.13401062453276,0.0251932698351486,1.00957205341706,0.00197994892078126
"1014",454,1.13660371502165,0.0221914246971949,1.01165619269484,0.00151753770909898
"1015",454,1.13919680551054,0.0194748330842787,1.01374033197262,0.00112926741750164
"1016",454,1.14178989599942,0.0170272593067274,1.0158244712504,0.0008149805515912
"1017",454,1.14438298648831,0.0149295450944263,1.01790861052818,0.000569795639190062
"1018",454,1.1469760769772,0.0130394834475473,1.01999274980596,0.00038552345437972
"1019",454,1.14956916746608,0.0113436134509349,1.02207688908374,0.000252170958803018
"1020",454,1.15216225795497,0.00982854441860952,1.02416102836152,0.000159302915892863
"1021",454,1.15475534844386,0.00854424352726019,1.0262451676393,9.71084461481439e-05
"1022",454,1.15734843893274,0.00739946005970826,1.02832930691708,5.83360969834439e-05
"1023",454,1.15994152942163,0.00638094378102189,1.03041344619485,3.39150072646917e-05
"1024",454,1.16253461991052,0.00547906103310919,1.03249758547263,1.90621560120858e-05
